{
  "train": {
    "accuracy": 0.9763374485596708,
    "precision": 0.97636065311496,
    "recall": 0.9763374485596708,
    "f1": 0.976344847372001,
    "confusion_matrix": [
      [
        264,
        0,
        0
      ],
      [
        0,
        579,
        21
      ],
      [
        1,
        24,
        1055
      ]
    ]
  },
  "test": {
    "accuracy": 0.831275720164609,
    "precision": 0.8327177412847523,
    "recall": 0.831275720164609,
    "f1": 0.8307469726936264,
    "confusion_matrix": [
      [
        48,
        4,
        14
      ],
      [
        1,
        120,
        29
      ],
      [
        5,
        29,
        236
      ]
    ]
  }
}